{"chunk_definitions":[{"row":12,"row_count":1,"visible":true,"expansion_state":0,"options":{"engine":"r","label":"setup","include":false,"dev":"png"},"document_id":"44B8CF0E","chunk_id":"csetup_chunk","chunk_label":"setup"},{"row":26,"row_count":1,"visible":true,"expansion_state":0,"options":{"engine":"r","label":"unnamed-chunk-3","dev":"png"},"document_id":"44B8CF0E","chunk_id":"chuxku6fed8dj","chunk_label":"unnamed-chunk-1"},{"row":39,"row_count":1,"visible":true,"expansion_state":0,"options":{"engine":"r","label":"unnamed-chunk-6","dev":"png"},"document_id":"44B8CF0E","chunk_id":"co93lv3w6v683","chunk_label":"unnamed-chunk-2"},{"row":73,"row_count":1,"visible":true,"expansion_state":0,"options":{"engine":"r","label":"unnamed-chunk-9","dev":"png"},"document_id":"44B8CF0E","chunk_id":"cpzdpd5v50mxu","chunk_label":"unnamed-chunk-3"},{"row":95,"row_count":1,"visible":true,"expansion_state":0,"options":{"engine":"r","label":"unnamed-chunk-12","dev":"png"},"document_id":"44B8CF0E","chunk_id":"c5axuqtczdsn0","chunk_label":"unnamed-chunk-4"},{"row":122,"row_count":1,"visible":true,"expansion_state":0,"options":{"engine":"r","label":"unnamed-chunk-16","dev":"png"},"document_id":"44B8CF0E","chunk_id":"cmqsae2ycd660","chunk_label":"unnamed-chunk-5"},{"row":134,"row_count":1,"visible":true,"expansion_state":0,"options":{"engine":"r","label":"unnamed-chunk-20","dev":"png"},"document_id":"44B8CF0E","chunk_id":"cb1sym3uzoo1w","chunk_label":"unnamed-chunk-6"},{"row":227,"row_count":1,"visible":true,"expansion_state":0,"options":{"engine":"r","label":"unnamed-chunk-22","dev":"png"},"document_id":"44B8CF0E","chunk_id":"c6iitkpx2tzm4","chunk_label":"unnamed-chunk-11"},{"row":234,"row_count":1,"visible":true,"expansion_state":0,"options":{"engine":"r","echo":false,"label":"unnamed-chunk-23","dev":"png"},"document_id":"44B8CF0E","chunk_id":"cl8yz5q9j71s3","chunk_label":"unnamed-chunk-12"}],"doc_write_time":1714516074,"working_dir":null,"default_chunk_options":{"eval":true,"message":false,"warning":false,"include":true},"chunk_rendered_width":400}