{"chunk_definitions":[{"row":20,"row_count":1,"visible":true,"expansion_state":0,"options":{"engine":"r","label":"setup","include":false,"dev":"png"},"document_id":"44B8CF0E","chunk_id":"csetup_chunk","chunk_label":"setup"},{"row":53,"row_count":1,"visible":true,"expansion_state":0,"options":{"engine":"r","label":"unnamed-chunk-17","dev":"png"},"document_id":"44B8CF0E","chunk_id":"ckts6udqzurll","chunk_label":"unnamed-chunk-1"},{"row":66,"row_count":1,"visible":true,"expansion_state":0,"options":{"engine":"r","label":"unnamed-chunk-20","dev":"png"},"document_id":"44B8CF0E","chunk_id":"c0uqmgjkj90gu","chunk_label":"unnamed-chunk-2"},{"row":100,"row_count":1,"visible":true,"expansion_state":0,"options":{"engine":"r","label":"unnamed-chunk-23","dev":"png"},"document_id":"44B8CF0E","chunk_id":"cl297o0plfvq1","chunk_label":"unnamed-chunk-3"},{"row":122,"row_count":1,"visible":true,"expansion_state":0,"options":{"engine":"r","label":"unnamed-chunk-26","dev":"png"},"document_id":"44B8CF0E","chunk_id":"cvth7b25fjhea","chunk_label":"unnamed-chunk-4"},{"row":152,"row_count":1,"visible":true,"expansion_state":0,"options":{"engine":"r","label":"unnamed-chunk-30","dev":"png"},"document_id":"44B8CF0E","chunk_id":"cmk0nze2inuk1","chunk_label":"unnamed-chunk-5"},{"row":164,"row_count":1,"visible":true,"expansion_state":0,"options":{"engine":"r","label":"unnamed-chunk-34","dev":"png"},"document_id":"44B8CF0E","chunk_id":"coxc3ghu35naz","chunk_label":"unnamed-chunk-6"},{"row":272,"row_count":1,"visible":true,"expansion_state":0,"options":{"engine":"r","label":"unnamed-chunk-162","dev":"png"},"document_id":"44B8CF0E","chunk_id":"ctgudd970vlv7","chunk_label":"unnamed-chunk-11"}],"doc_write_time":1714568796,"working_dir":null,"default_chunk_options":{"eval":true,"message":false,"warning":false,"include":true},"chunk_rendered_width":598}