"0","p<-ggplot(data = combined_data_3, aes(x = Start.Year, y = Value, colour = factor(Region.Name))) +
  geom_line(show.legend = FALSE) +
  geom_point(aes(colour = factor(Region.Name)), show.legend = TRUE) +
  #geom_text(aes(x = 2002,y=0.5,label=""word:0.4""),colour=  )+
  scale_color_manual(values = c(""Niger"" = ""#3E90BA"", ""word"" = ""#5D4F4D"", ""western africa"" = ""#9D9898"")) +
  scale_x_continuous(breaks = c(1990, 1995, 2000, 2005, 2010, 2015, 2020)) +  
  scale_y_continuous(breaks = seq(0.2, 0.8, 0.2), limits = c(0, 0.8)) +   #Définir les limites de l'axe y de 0 à 0.8
  theme_minimal() +
  labs(x = """", y = """", color = NULL) +
  theme(legend.position = c(0.05, 0.95),  
        legend.direction = ""horizontal"",  
        legend.box.margin = margin(0, 0, 0, 80),  
        legend.margin = margin(-70, 0, 0, 0), 
        panel.grid.minor = element_blank(), 
        plot.margin = margin(40, 10, 10, 10)
  ) +
  guides(color = guide_legend(override.aes = list(size = 3)))
"
"2","Erreur dans ggplot(data = combined_data_3, aes(x = Start.Year, y = Value,  : 
  impossible de trouver la fonction ""ggplot""
"
