{"working_dir":null,"default_chunk_options":{"eval":true,"message":false,"warning":false,"include":true},"chunk_definitions":[{"row":22,"row_count":1,"visible":true,"expansion_state":0,"options":{"engine":"r","label":"setup","include":false,"dev":"png"},"document_id":"76974089","chunk_id":"csetup_chunk","chunk_label":"setup"},{"row":81,"row_count":1,"visible":true,"expansion_state":0,"options":{"engine":"r","label":"unnamed-chunk-17","dev":"png"},"document_id":"76974089","chunk_id":"ceuimf4bfwwcg","chunk_label":"unnamed-chunk-2"}],"doc_write_time":1712494785}